id,total_sales
row_00009,2782.6
row_00015,4265.21
row_00019,2897.15
row_00020,3205.91
row_00023,2572.64
row_00026,470.35
row_00027,3880.43
row_00033,3224.81
row_00034,371.41
row_00037,2045.75
row_00041,2192.57
row_00042,1407.82
row_00045,1324.7
row_00049,2042.9
row_00056,3119.9
row_00057,2131.59
row_00060,925.63
row_00079,2975.68
row_00082,3572.01
row_00085,2505.46
row_00091,1009.29
row_00104,2353.85
row_00105,966.76
row_00109,1635.31
row_00115,724.51
row_00117,534.73
row_00119,3182.18
row_00120,2156.36
row_00123,1135.04
row_00125,1862.68
row_00130,510.51
row_00132,1808.89
row_00134,1807.88
row_00139,3623.96
row_00141,4207.89
row_00144,2577.39
row_00162,2214.68
row_00189,702.6
row_00192,3148.94
row_00202,3337.56
row_00203,2953.21
row_00208,1457.19
row_00210,3082.38
row_00220,2184.12
row_00235,1930.65
row_00236,1661.65
row_00247,138.93
row_00249,711.82
row_00252,4148.33
row_00254,2403.71
row_00256,4265.51
row_00260,2861.66
row_00265,760.22
row_00266,1603.08
row_00269,2938.14
row_00283,1376.82
row_00288,999.67
row_00293,1566.69
row_00296,277.38
row_00298,294.29
row_00301,1440.42
row_00305,3006.51
row_00322,583.99
row_00323,2198.57
row_00325,2204.28
row_00327,3612.92
row_00336,2055.24
row_00337,3970.81
row_00341,2030.23
row_00345,3621.17
row_00353,1552.69
row_00354,1803.75
row_00363,2215.84
row_00368,5507.68
row_00370,3618.71
row_00373,1916.36
row_00374,1598.76
row_00375,1354.53
row_00377,3054.69
row_00385,946.52
row_00389,2679.06
row_00391,810.84
row_00404,105.02
row_00405,2737.01
row_00407,4019.97
row_00415,3055.13
row_00416,2619.52
row_00423,514.11
row_00430,2513.43
row_00431,1876.56
row_00435,1431.64
row_00437,2228.55
row_00438,537.61
row_00439,3490.29
row_00441,2706.47
row_00447,115.27
row_00448,1978.97
row_00449,775.9
row_00460,100.76
row_00465,1675.01
row_00472,1369.52
row_00476,631.37
row_00478,3817.58
row_00480,271.84
row_00485,3442.98
row_00488,848.58
row_00498,3552.56
row_00499,2739.14
row_00500,4134.14
row_00504,2005.21
row_00508,1769.35
row_00518,249.0
row_00519,1163.08
row_00520,1633.6
row_00525,1553.67
row_00526,2613.01
row_00530,2439.84
row_00531,4028.55
row_00534,1790.41
row_00538,1145.54
row_00543,202.89
row_00551,560.94
row_00555,949.12
row_00559,2524.25
row_00561,2961.88
row_00569,3235.16
row_00572,258.42
row_00577,3266.18
row_00580,3671.57
row_00584,4952.61
row_00585,3685.11
row_00591,2013.9
row_00601,4944.02
row_00603,2487.86
row_00613,3184.06
row_00618,1443.59
row_00620,3421.51
row_00622,2034.57
row_00623,1178.19
row_00632,1357.26
row_00635,1409.76
row_00637,741.52
row_00638,707.45
row_00640,2785.3
row_00641,198.28
row_00646,3836.44
row_00649,2141.5
row_00656,2076.63
row_00659,711.94
row_00661,4779.92
row_00662,1749.27
row_00663,2091.13
row_00667,2224.1
row_00670,425.8
row_00673,1275.86
row_00674,4461.32
row_00681,2796.13
row_00683,1604.17
row_00684,3697.17
row_00689,2298.03
row_00690,263.75
row_00698,1466.91
row_00700,1884.73
row_00702,3401.06
row_00704,3151.8
row_00705,285.19
row_00710,1713.13
row_00711,688.84
row_00714,3211.83
row_00716,828.49
row_00720,3118.08
row_00721,2549.5
row_00723,663.45
row_00730,1807.1
row_00732,1538.74
row_00733,5607.16
row_00741,4435.99
row_00753,3708.39
row_00755,168.18
row_00760,3104.61
row_00764,1633.77
row_00770,1531.24
row_00771,5523.61
row_00774,3351.02
row_00783,345.25
row_00796,121.55
row_00804,2188.04
row_00808,3946.49
row_00812,643.09
row_00814,1754.17
row_00815,1526.88
row_00819,3230.45
row_00825,1401.48
row_00826,2207.2
row_00832,194.78
row_00835,3047.95
row_00840,755.36
row_00844,4473.93
row_00845,805.57
row_00851,982.52
row_00856,1278.63
row_00868,488.36
row_00874,1779.61
row_00875,1348.27
row_00880,1661.65
row_00882,772.13
row_00884,841.83
row_00891,4013.81
row_00899,2234.0
row_00905,1497.37
row_00906,3044.37
row_00914,2420.02
row_00924,1118.07
row_00946,3456.0
row_00947,1643.81
row_00948,1404.69
row_00963,2459.24
row_00977,3279.51
row_00980,2747.34
row_00981,259.95
row_00984,5514.7
row_00996,2155.63
row_00997,422.03
row_00998,2134.61
row_00999,2306.31
row_01001,1832.42
row_01017,1085.44
row_01025,3773.27
row_01026,1474.31
row_01031,427.79
row_01032,1345.79
row_01034,4057.45
row_01043,3699.93
row_01044,2783.61
row_01046,809.78
row_01050,2627.13
row_01064,2671.95
row_01077,1934.65
row_01078,2807.82
row_01085,2698.06
row_01090,1575.51
row_01093,2269.1
row_01104,714.41
row_01105,824.86
row_01107,4109.66
row_01108,3038.13
row_01111,1613.02
row_01115,3463.96
row_01119,3119.04
row_01123,2719.15
row_01124,2333.89
row_01126,1533.67
row_01129,924.9
row_01145,2580.17
row_01146,1487.09
row_01148,1977.7
row_01162,1732.48
row_01165,1925.95
row_01178,1567.33
row_01183,219.97
row_01190,2095.4
row_01191,3030.71
row_01192,2581.48
row_01197,1428.16
row_01202,3804.29
row_01205,1268.19
row_01207,3352.41
row_01209,1041.77
row_01211,2075.64
row_01212,2384.78
row_01213,1853.86
row_01215,1770.43
row_01237,1209.66
row_01246,1546.31
row_01254,1584.19
row_01263,618.03
row_01266,3015.85
row_01268,126.7
row_01277,3037.27
row_01293,2631.32
row_01294,2318.75
row_01295,231.11
row_01300,6011.6
row_01304,2771.49
row_01311,2575.8
row_01314,1259.17
row_01315,359.9
row_01330,1448.98
row_01332,3079.93
row_01334,3103.29
row_01345,926.75
row_01350,3095.3
row_01355,2623.8
row_01356,3598.85
row_01357,867.98
row_01362,1725.01
row_01368,4418.29
row_01375,1886.61
row_01380,874.61
row_01390,497.92
row_01396,3638.91
row_01397,2753.55
row_01404,3080.94
row_01407,2360.18
row_01412,2669.47
row_01418,1397.03
row_01424,964.57
row_01433,3272.9
row_01436,2544.69
row_01443,400.24
row_01456,3159.2
row_01465,2046.5
row_01475,1711.8
row_01478,2476.21
row_01494,513.77
row_01497,518.11
row_01499,2089.04
row_01501,1136.55
row_01508,3615.56
row_01513,5880.72
row_01532,3564.29
row_01534,2835.65
row_01540,2433.64
row_01552,3880.94
row_01553,1676.87
row_01563,264.5
row_01564,3733.15
row_01565,2772.32
row_01567,439.15
row_01572,395.41
row_01573,3351.13
row_01576,1869.9
row_01577,807.51
row_01583,2231.21
row_01586,2300.41
row_01594,4429.62
row_01596,2796.01
row_01598,3669.14
row_01605,585.61
row_01616,3749.29
row_01621,2992.23
row_01624,3961.65
row_01625,1541.6
row_01626,1499.97
row_01630,1381.49
row_01639,591.28
row_01641,2111.91
row_01643,2884.18
row_01648,1443.89
row_01654,153.99
row_01655,697.56
row_01656,3945.36
row_01659,3053.07
row_01664,825.8
row_01666,752.9
row_01687,1701.79
row_01689,1416.93
row_01693,1065.61
row_01698,3059.73
row_01700,2052.65
row_01701,2358.24
row_01702,706.51
row_01714,5515.88
row_01725,4014.81
row_01743,2077.6
row_01750,3721.77
row_01762,225.27
row_01770,3068.08
row_01773,1352.81
row_01782,1918.08
row_01784,2701.55
row_01790,3342.83
row_01792,2879.97
row_01801,3523.75
row_01802,2672.34
row_01805,105.01
row_01808,715.51
row_01822,1838.48
row_01826,714.85
row_01829,3329.92
row_01836,2827.82
row_01839,608.44
row_01840,1807.26
row_01844,2103.05
row_01845,3866.45
row_01853,1015.18
row_01862,1463.94
row_01872,737.33
row_01882,2490.89
row_01886,1514.79
row_01888,2344.95
row_01895,2677.95
row_01911,1534.29
row_01915,1964.11
row_01926,3079.24
row_01932,4579.19
row_01946,1647.67
row_01952,2313.27
row_01961,2209.1
row_01973,267.68
row_01982,2416.97
row_01983,870.3
row_01991,2006.0
row_01993,1881.49
row_01994,5206.12
row_01995,2539.06
row_01998,2416.49
row_01999,298.8
row_02005,2735.51
row_02011,2123.55
row_02015,4216.26
row_02016,1717.84
row_02018,3478.86
row_02055,2399.98
row_02056,1388.42
row_02059,560.55
row_02068,1881.57
row_02069,2513.51
row_02076,399.32
row_02079,496.81
row_02083,652.54
row_02086,3970.53
row_02095,221.69
row_02098,4599.97
row_02100,5065.66
row_02103,5104.32
row_02106,3103.98
row_02107,4044.5
row_02112,4223.02
row_02118,3511.31
row_02126,2829.85
row_02127,2398.82
row_02130,2670.13
row_02133,2696.35
row_02146,1092.43
row_02147,3280.6
row_02152,3555.89
row_02153,4015.46
row_02162,6012.07
row_02164,3997.71
row_02170,2226.46
row_02193,337.1
row_02195,1764.47
row_02199,4119.61
row_02203,4554.06
row_02210,446.66
row_02211,3616.26
row_02213,3191.35
row_02215,2551.75
row_02218,4349.2
row_02225,1676.11
row_02230,1478.83
row_02235,485.42
row_02238,809.97
row_02239,2603.26
row_02240,333.17
row_02257,2693.73
row_02259,2164.14
row_02262,3229.03
row_02272,1473.85
row_02274,2822.99
row_02279,1486.03
row_02280,750.44
row_02283,1220.09
row_02287,5424.46
row_02294,3967.47
row_02303,3189.49
row_02310,153.09
row_02313,1432.37
row_02316,226.68
row_02319,2626.43
row_02322,1788.4
row_02323,284.46
row_02327,587.05
row_02332,1597.12
row_02333,694.73
row_02339,3013.88
row_02344,1975.77
row_02346,489.8
row_02351,2020.34
row_02356,2233.92
row_02357,2468.23
row_02361,1434.51
row_02363,3773.14
row_02364,3144.66
row_02370,3068.92
row_02372,2718.59
row_02374,171.96
row_02383,876.28
row_02385,245.27
row_02393,696.79
row_02403,1080.93
row_02411,1910.4
row_02413,768.99
row_02416,1304.62
row_02417,2405.36
row_02418,2912.16
row_02419,1457.37
row_02432,2188.03
row_02441,2510.72
row_02442,2668.18
row_02443,5745.77
row_02444,3901.58
row_02445,3172.78
row_02448,562.91
row_02454,2447.84
row_02455,3512.87
row_02462,528.82
row_02469,886.88
row_02478,263.24
row_02482,5033.32
row_02497,3126.42
row_02500,725.4
row_02502,3301.56
row_02504,1572.56
row_02508,1209.17
row_02512,3797.7
row_02514,3162.84
row_02519,3264.99
row_02520,3090.3
row_02522,482.11
row_02523,173.88
row_02530,1745.73
row_02531,283.45
row_02534,3620.7
row_02536,4341.64
row_02537,2663.4
row_02547,3358.69
row_02558,1572.58
row_02569,3615.81
row_02577,2382.87
row_02581,2035.76
row_02582,3128.61
row_02584,518.55
row_02606,419.36
row_02607,1426.3
row_02612,1131.84
row_02613,2127.96
row_02621,639.28
row_02623,2280.89
row_02627,2119.12
row_02628,3638.52
row_02632,1927.97
row_02646,3784.88
row_02648,1664.55
row_02650,2114.73
row_02656,473.97
row_02659,625.17
row_02669,1073.4
row_02670,171.84
row_02672,751.46
row_02674,4514.72
row_02675,4145.43
row_02691,1840.79
row_02700,473.84
row_02705,510.39
row_02709,3759.99
row_02712,2802.31
row_02714,4806.7
row_02716,2558.34
row_02726,2379.6
row_02738,543.85
row_02757,728.41
row_02758,3834.74
row_02768,4096.4
row_02772,649.4
row_02773,3009.66
row_02776,2711.84
row_02778,1411.39
row_02782,3642.84
row_02786,2587.48
row_02796,773.02
row_02797,3222.59
row_02800,3870.16
row_02801,3259.06
row_02807,3127.11
row_02816,6240.53
row_02824,5155.87
row_02833,2052.61
row_02834,1979.62
row_02837,1602.06
row_02839,3548.19
row_02846,3692.33
row_02848,4196.39
row_02849,2482.45
row_02852,1800.66
row_02854,395.44
row_02855,3946.54
row_02858,3827.01
row_02863,4069.92
row_02875,2028.32
row_02879,469.29
row_02883,1377.02
row_02884,2363.2
row_02885,339.55
row_02886,1332.23
row_02890,5106.45
row_02892,5240.34
row_02901,1081.39
row_02903,2958.67
row_02906,3181.67
row_02908,1224.83
row_02909,3046.77
row_02919,1295.73
row_02925,1686.75
row_02929,2382.59
row_02934,5273.36
row_02939,2979.39
row_02940,1199.65
row_02943,1936.08
row_02951,1906.98
row_02953,1535.33
row_02957,3171.07
row_02962,731.27
row_02964,4386.95
row_02965,2302.74
row_02968,1774.88
row_02977,331.31
row_02980,3011.77
row_02997,3871.12
row_03001,1930.83
row_03003,2323.94
row_03004,2692.3
row_03006,1687.71
row_03019,5113.91
row_03025,5591.13
row_03026,3091.62
row_03039,2070.07
row_03046,1716.94
row_03057,1732.6
row_03059,1597.19
row_03074,1712.95
row_03082,3218.36
row_03091,2356.35
row_03092,1423.38
row_03100,734.97
row_03103,194.3
row_03104,3081.28
row_03113,2669.11
row_03125,2993.14
row_03126,1317.99
row_03131,1768.6
row_03132,5117.05
row_03147,4102.58
row_03159,2743.05
row_03161,1189.95
row_03165,3194.54
row_03169,587.58
row_03175,1958.75
row_03184,2629.2
row_03187,1867.45
row_03192,2380.07
row_03196,1598.39
row_03202,2810.79
row_03207,4008.5
row_03208,1280.28
row_03212,2870.75
row_03218,3276.78
row_03223,1670.17
row_03226,1186.73
row_03229,1519.2
row_03230,3385.74
row_03233,1730.03
row_03236,591.4
row_03239,636.29
row_03246,3579.47
row_03253,2598.46
row_03259,2411.31
row_03262,1866.09
row_03267,498.41
row_03273,470.71
row_03282,729.99
row_03283,311.69
row_03286,1694.38
row_03288,3080.8
row_03290,3843.28
row_03292,2483.91
row_03295,309.68
row_03305,2532.05
row_03306,2445.61
row_03320,3714.89
row_03324,265.48
row_03327,3857.96
row_03329,532.3
row_03338,2509.07
row_03344,2459.92
row_03350,1316.64
row_03351,4152.91
row_03354,2068.9
row_03362,3758.13
row_03373,4324.93
row_03374,1930.28
row_03380,146.5
row_03382,1540.92
row_03386,1961.02
row_03388,1560.29
row_03394,1650.06
row_03399,3825.66
row_03402,3181.75
row_03408,1539.99
row_03431,2810.51
row_03432,3171.03
row_03440,1545.86
row_03444,2685.48
row_03448,3560.84
row_03454,2368.07
row_03458,3833.15
row_03459,730.78
row_03464,433.31
row_03475,2639.03
row_03485,3108.67
row_03489,594.54
row_03490,2993.6
row_03493,2670.81
row_03495,1792.64
row_03511,3516.13
row_03517,2356.83
row_03520,2817.99
row_03522,2377.68
row_03526,3064.96
row_03529,434.07
row_03532,2847.65
row_03537,3200.8
row_03539,4313.99
row_03540,1928.15
row_03547,3192.46
row_03550,3086.29
row_03551,379.98
row_03557,2392.53
row_03560,729.35
row_03561,3477.76
row_03562,3004.19
row_03566,4629.79
row_03567,2936.75
row_03572,999.53
row_03583,398.29
row_03584,4030.78
row_03593,3431.15
row_03604,6081.91
row_03620,3192.46
row_03631,2500.74
row_03643,1807.94
row_03647,918.92
row_03648,877.57
row_03649,761.05
row_03658,323.85
row_03664,1931.97
row_03673,3516.67
row_03676,1427.63
row_03680,3189.38
row_03682,756.4
row_03687,719.31
row_03694,2372.28
row_03708,695.2
row_03714,3076.22
row_03715,2202.86
row_03718,1326.84
row_03719,1076.57
row_03720,3055.68
row_03723,317.75
row_03727,2127.82
row_03732,2569.7
row_03734,2149.13
row_03736,595.12
row_03742,2513.3
row_03744,974.53
row_03750,1957.49
row_03755,2394.88
row_03759,1474.44
row_03768,2787.84
row_03773,709.72
row_03775,4117.27
row_03779,1618.47
row_03783,1708.32
row_03787,1215.36
row_03789,3266.81
row_03804,1282.23
row_03811,2583.01
row_03824,2508.89
row_03829,2293.23
row_03831,1772.97
row_03834,340.7
row_03836,1121.96
row_03839,4303.99
row_03847,1604.98
row_03849,2476.85
row_03854,4079.09
row_03858,1571.55
row_03859,3830.65
row_03866,201.49
row_03867,2492.12
row_03871,535.33
row_03876,391.43
row_03888,1658.41
row_03891,683.1
row_03903,1838.04
row_03917,1051.87
row_03920,2841.6
row_03925,1169.94
row_03926,271.56
row_03931,1681.45
row_03933,3307.24
row_03934,2691.15
row_03935,2180.33
row_03938,5480.86
row_03940,1262.79
row_03942,1933.61
row_03945,2643.99
row_03946,3201.96
row_03949,1165.2
row_03960,1919.57
row_03962,1094.46
row_03965,343.64
row_03972,2693.7
row_03982,3338.33
row_03987,5909.47
row_03991,4245.43
row_03992,1155.86
row_03996,3476.45
row_03998,2583.12
row_04009,2092.62
row_04012,2382.94
row_04024,1506.72
row_04029,1447.96
row_04031,6047.32
row_04033,519.3
row_04040,1538.92
row_04054,1882.88
row_04055,1908.62
row_04065,1454.09
row_04066,380.87
row_04077,5116.14
row_04078,1950.85
row_04081,103.39
row_04084,3100.1
row_04092,1563.3
row_04094,2795.13
row_04101,1424.07
row_04107,700.64
row_04112,2114.25
row_04120,939.72
row_04122,3343.15
row_04127,2245.53
row_04137,1526.38
row_04138,536.34
row_04139,1777.42
row_04145,3643.65
row_04147,2569.39
row_04154,492.73
row_04158,3002.15
row_04160,1183.19
row_04165,3153.97
row_04166,1534.81
row_04175,5220.37
row_04176,1470.24
row_04177,1715.3
row_04178,2695.75
row_04179,727.85
row_04186,3916.86
row_04187,1995.1
row_04189,315.02
row_04193,3208.41
row_04200,510.43
row_04207,766.66
row_04226,1289.56
row_04228,3308.51
row_04229,2926.84
row_04233,2537.18
row_04234,5616.1
row_04242,3552.73
row_04245,904.79
row_04255,3512.36
row_04259,1318.71
row_04261,3661.01
row_04263,505.67
row_04268,6052.92
row_04270,3422.77
row_04272,2138.91
row_04273,1524.3
row_04278,3653.12
row_04281,4231.49
row_04285,2398.38
row_04293,1207.75
row_04301,393.19
row_04306,221.69
row_04315,1663.22
row_04316,209.32
row_04319,5927.5
row_04320,3990.43
row_04333,2658.04
row_04335,3073.43
row_04349,1585.67
row_04358,1507.58
row_04359,576.25
row_04360,2216.54
row_04365,3032.64
row_04370,1372.32
row_04371,1725.71
row_04372,2572.19
row_04373,483.24
row_04374,1768.29
row_04385,1452.3
row_04386,1938.43
row_04388,3370.19
row_04395,2403.2
row_04398,686.3
row_04400,3383.25
row_04413,2460.15
row_04416,2972.57
row_04419,768.65
row_04438,1483.71
row_04441,1662.04
row_04454,1788.83
row_04470,2015.74
row_04471,3337.31
row_04483,2923.59
row_04490,1984.36
row_04498,2140.34
row_04522,1872.57
row_04529,2801.46
row_04537,1312.79
row_04538,271.55
row_04539,773.77
row_04540,1982.09
row_04541,3300.66
row_04542,262.81
row_04545,955.66
row_04550,2309.85
row_04556,340.09
row_04559,3449.63
row_04562,3794.51
row_04563,3571.22
row_04573,3328.45
row_04574,4109.57
row_04576,616.85
row_04577,1938.65
row_04591,1161.57
row_04592,6099.52
row_04597,708.62
row_04598,448.8
row_04599,846.82
row_04602,2769.63
row_04606,2031.61
row_04608,1748.4
row_04620,1906.87
row_04630,3002.02
row_04631,3776.51
row_04634,4836.32
row_04636,250.65
row_04637,2430.69
row_04638,2478.77
row_04651,3066.36
row_04653,3449.1
row_04656,827.24
row_04657,2090.91
row_04674,2987.75
row_04675,908.07
row_04686,3245.78
row_04699,3604.73
row_04700,3266.57
row_04704,1730.88
row_04709,2935.48
row_04710,2835.76
row_04729,1410.86
row_04731,4169.09
row_04733,545.3
row_04737,1425.97
row_04741,1569.98
row_04744,3669.17
row_04745,1395.56
row_04749,712.78
row_04757,1170.99
row_04759,3808.88
row_04769,3302.24
row_04772,1802.88
row_04775,1542.92
row_04781,656.08
row_04783,438.16
row_04784,4019.67
row_04785,763.06
row_04787,699.84
row_04796,2171.95
row_04799,1667.96
row_04803,729.01
row_04814,963.19
row_04824,1912.75
row_04826,1817.67
row_04831,1846.42
row_04841,3053.0
row_04843,1996.2
row_04846,301.67
row_04852,1612.09
row_04855,1900.08
row_04859,702.61
row_04863,644.87
row_04881,1541.67
row_04886,1952.15
row_04888,1992.82
row_04889,3944.19
row_04902,712.63
row_04909,1574.58
row_04913,1823.3
row_04914,3585.73
row_04929,2948.19
row_04936,1205.61
row_04937,2950.83
row_04938,1372.1
row_04945,2123.42
row_04955,2340.36
row_04965,2272.83
row_04970,449.62
row_04974,932.21
row_04976,3306.5
row_04986,3032.83
row_04987,1733.98
row_04989,4197.76
row_04995,2699.02
row_05004,4040.96
row_05018,864.37
row_05021,977.96
row_05023,1852.54
row_05025,1594.41
row_05033,512.12
row_05034,3900.29
row_05035,1718.41
row_05036,1709.61
row_05045,1625.73
row_05047,2444.18
row_05051,499.43
row_05053,1723.52
row_05054,358.06
row_05055,806.99
row_05063,1423.44
row_05103,2669.42
row_05107,222.3
row_05116,4472.67
row_05132,2992.99
row_05138,857.19
row_05140,2692.58
row_05141,1365.25
row_05142,4044.43
row_05146,1703.01
row_05147,3702.74
row_05160,3237.04
row_05162,1303.53
row_05180,1614.69
row_05185,1605.99
row_05191,839.71
row_05199,797.57
row_05204,1797.06
row_05213,1743.44
row_05215,453.06
row_05216,980.57
row_05223,2497.5
row_05229,2486.13
row_05235,2666.88
row_05237,3280.23
row_05239,1704.12
row_05246,2807.27
row_05247,2711.62
row_05254,255.29
row_05258,4101.71
row_05261,3878.95
row_05262,2635.33
row_05267,3313.53
row_05272,1715.76
row_05287,2023.45
row_05290,2951.17
row_05296,3193.11
row_05297,566.86
row_05299,3008.94
row_05302,440.63
row_05303,1439.27
row_05305,3114.25
row_05309,1476.0
row_05312,3681.81
row_05314,1552.91
row_05331,3663.66
row_05336,1944.45
row_05342,967.18
row_05343,1794.16
row_05348,3117.86
row_05349,1133.88
row_05354,698.85
row_05358,1265.77
row_05359,5698.99
row_05360,374.68
row_05371,4404.8
row_05377,1391.91
row_05392,2141.41
row_05393,749.91
row_05398,340.54
row_05401,2544.92
row_05403,511.86
row_05406,3316.88
row_05408,842.52
row_05409,2669.36
row_05418,2759.22
row_05419,531.37
row_05423,736.14
row_05429,1391.42
row_05437,751.75
row_05446,2708.79
row_05449,2032.76
row_05451,1560.88
row_05454,4200.01
row_05457,2524.16
row_05459,2170.82
row_05462,3703.64
row_05463,1911.43
row_05476,2867.15
row_05485,1397.18
row_05486,1830.59
row_05493,107.8
row_05504,3571.52
row_05505,2270.53
row_05506,1948.8
row_05507,708.46
row_05508,746.42
row_05528,900.56
row_05530,1657.45
row_05546,1209.96
row_05556,2211.83
row_05562,905.71
row_05563,3287.57
row_05572,1287.57
row_05580,2473.78
row_05590,1486.58
row_05593,277.39
row_05594,2565.03
row_05597,1198.84
row_05601,1375.06
row_05602,1461.9
row_05605,1483.98
row_05623,984.72
row_05625,209.31
row_05630,5882.67
row_05640,559.9
row_05644,132.85
row_05646,1723.4
row_05655,2402.9
row_05658,3985.9
row_05667,1085.99
row_05679,2713.37
row_05687,1374.18
row_05695,1402.73
row_05705,3001.72
row_05707,3123.91
row_05711,737.24
row_05716,3304.13
row_05718,1973.68
row_05725,560.03
row_05728,3352.18
row_05729,4412.59
row_05732,3355.26
row_05738,2452.6
row_05741,3504.69
row_05742,3038.08
row_05753,402.82
row_05756,2184.66
row_05758,2101.9
row_05763,850.54
row_05774,123.51
row_05778,3069.48
row_05781,2539.18
row_05786,401.85
row_05793,767.09
row_05796,5888.29
row_05800,506.64
row_05805,413.66
row_05806,1354.55
row_05809,5934.08
row_05816,810.3
row_05831,3465.22
row_05833,2189.47
row_05836,3992.27
row_05840,997.23
row_05847,428.99
row_05849,432.53
row_05851,1963.67
row_05864,2406.79
row_05870,1297.16
row_05876,702.52
row_05877,2723.85
row_05878,918.26
row_05882,3959.91
row_05883,2763.38
row_05893,756.84
row_05910,528.28
row_05913,3153.21
row_05915,3813.95
row_05916,522.97
row_05925,3463.42
row_05929,2921.92
row_05932,3569.41
row_05935,3762.72
row_05938,1021.48
row_05942,636.44
row_05950,574.41
row_05951,324.9
row_05965,3440.11
row_05970,2484.44
row_05971,2037.44
row_05977,743.91
row_05979,3935.94
row_05980,3852.9
row_05981,2996.48
row_05982,2176.88
row_05986,2670.53
row_05994,1183.62
row_05996,3416.58
row_06000,1354.92
row_06001,3256.4
row_06002,3185.67
row_06012,3146.63
row_06023,1225.48
row_06027,1643.39
row_06032,2212.45
row_06045,1266.09
row_06047,2025.92
row_06048,1169.53
row_06053,2849.72
row_06061,2294.18
row_06063,1625.29
row_06072,2547.38
row_06076,782.33
row_06082,3030.21
row_06097,3951.54
row_06098,2030.9
row_06106,708.7
row_06109,3756.88
row_06115,2404.98
row_06116,391.38
row_06122,4235.84
row_06124,1838.08
row_06127,218.81
row_06137,2341.82
row_06142,1724.9
row_06144,3996.26
row_06145,1208.49
row_06146,1343.25
row_06150,1615.63
row_06153,1775.55
row_06156,3868.88
row_06164,3297.05
row_06191,687.59
row_06193,2387.47
row_06194,689.6
row_06199,2815.35
row_06201,232.64
row_06202,604.74
row_06212,1148.27
row_06213,3604.89
row_06218,1622.84
row_06228,3142.75
row_06231,3098.68
row_06237,1907.94
row_06239,2832.76
row_06240,2773.58
row_06242,3065.13
row_06243,1847.09
row_06248,1691.41
row_06258,1542.02
row_06260,510.85
row_06263,1528.04
row_06268,2845.47
row_06269,1793.44
row_06279,2736.12
row_06283,707.02
row_06285,1465.48
row_06292,1948.71
row_06295,1826.44
row_06323,2640.32
row_06324,689.49
row_06326,3359.27
row_06330,734.65
row_06338,1834.94
row_06343,745.08
row_06351,723.4
row_06352,1442.41
row_06355,3705.34
row_06366,1552.89
row_06369,948.08
row_06371,2650.21
row_06399,3087.37
row_06412,2830.58
row_06416,1857.65
row_06421,3434.1
row_06424,4167.69
row_06431,2357.24
row_06435,2945.04
row_06438,4061.64
row_06444,99.53
row_06447,5039.39
row_06455,984.92
row_06462,2457.49
row_06463,206.33
row_06464,3716.89
row_06471,4092.98
row_06475,1712.38
row_06479,1095.65
row_06485,2826.32
row_06495,1746.39
row_06499,410.68
row_06504,2464.98
row_06505,4010.12
row_06510,2304.73
row_06511,3261.58
row_06514,2142.75
row_06516,860.8
row_06518,2109.13
row_06520,214.22
row_06525,3299.13
row_06528,2112.6
row_06531,1806.11
row_06534,3361.5
row_06539,1436.24
row_06541,439.89
row_06543,2364.33
row_06546,3455.03
row_06552,3896.56
row_06553,3392.6
row_06554,3093.72
row_06559,2863.93
row_06563,3670.93
row_06578,2520.72
row_06591,1861.87
row_06594,735.08
row_06596,3803.8
row_06599,1853.39
row_06600,4021.93
row_06602,2959.99
row_06603,401.49
row_06611,2068.0
row_06616,3435.19
row_06617,877.71
row_06619,6111.74
row_06630,1241.0
row_06633,2437.52
row_06636,3878.16
row_06645,1770.08
row_06646,431.51
row_06647,3104.59
row_06648,3980.34
row_06651,2774.65
row_06660,2833.31
row_06663,900.02
row_06668,2179.74
row_06669,628.95
row_06671,2384.79
row_06673,5667.32
row_06675,4107.93
row_06677,3735.65
row_06682,4150.84
row_06683,700.04
row_06684,972.55
row_06686,564.14
row_06689,2352.49
row_06693,2744.42
row_06696,460.11
row_06697,1444.17
row_06701,2384.66
row_06710,3619.58
row_06717,3517.5
row_06719,3903.83
row_06720,2269.03
row_06722,1714.63
row_06723,2289.6
row_06735,2161.88
row_06746,1331.91
row_06748,2581.37
row_06750,3421.97
row_06772,3901.95
row_06776,4368.98
row_06782,3030.44
row_06785,1288.85
row_06786,5319.76
row_06805,3634.55
row_06809,2979.0
row_06813,3121.56
row_06817,2559.15
row_06818,701.31
row_06821,1653.06
row_06825,1545.88
row_06828,6001.98
row_06834,4113.69
row_06838,625.39
row_06841,468.95
row_06842,1375.67
row_06852,430.72
row_06855,711.1
row_06856,497.99
row_06866,2790.89
row_06872,2636.47
row_06873,1072.47
row_06885,2225.91
row_06901,3369.25
row_06902,1591.76
row_06903,796.61
row_06906,334.83
row_06907,1121.79
row_06912,1179.24
row_06914,5085.76
row_06915,1910.68
row_06918,2147.97
row_06920,1625.04
row_06924,2904.31
row_06929,1332.08
row_06943,636.08
row_06945,1283.32
row_06946,1657.77
row_06948,3161.84
row_06954,2715.07
row_06955,722.51
row_06960,1093.08
row_06963,439.47
row_06966,1437.12
row_06969,2853.98
row_06982,2043.96
row_06997,2920.93
row_07002,2245.06
row_07003,3357.23
row_07005,2808.22
row_07012,2731.53
row_07017,577.63
row_07019,2753.21
row_07023,2956.6
row_07025,1277.8
row_07029,3942.63
row_07030,1920.33
row_07038,1818.84
row_07042,1846.06
row_07043,1760.75
row_07045,1229.05
row_07048,3218.9
row_07050,455.29
row_07052,3194.29
row_07067,691.22
row_07069,1514.51
row_07072,2398.63
row_07073,2624.87
row_07075,1844.36
row_07076,3222.64
row_07085,1761.33
row_07091,276.39
row_07095,95.21
row_07096,1442.23
row_07097,1056.39
row_07100,3274.9
row_07118,2482.18
row_07120,3500.16
row_07136,2445.81
row_07138,2720.69
row_07140,3236.68
row_07142,1285.59
row_07152,519.97
row_07155,2029.9
row_07170,920.05
row_07173,786.96
row_07181,1540.96
row_07196,4078.09
row_07205,1396.39
row_07206,2655.13
row_07208,3851.47
row_07219,3493.66
row_07225,291.56
row_07228,865.41
row_07229,796.74
row_07235,4197.38
row_07239,2648.1
row_07243,1498.05
row_07248,1934.54
row_07250,3908.45
row_07251,1346.37
row_07258,1267.86
row_07261,415.74
row_07277,3203.47
row_07288,2529.9
row_07292,3281.55
row_07301,1010.39
row_07303,2442.86
row_07304,3532.73
row_07315,458.4
row_07317,5411.54
row_07320,1585.17
row_07324,3822.61
row_07334,1773.98
row_07354,2661.86
row_07356,416.42
row_07357,88.16
row_07358,1750.47
row_07360,2066.77
row_07362,2130.84
row_07370,966.01
row_07375,3890.34
row_07380,5163.1
row_07394,2721.65
row_07396,3373.85
row_07397,2566.25
row_07402,1615.99
row_07406,1708.98
row_07423,3744.76
row_07424,5416.1
row_07431,1769.57
row_07435,3995.63
row_07439,2749.7
row_07448,863.76
row_07454,1642.89
row_07460,2807.1
row_07463,1565.44
row_07464,1052.39
row_07480,3268.9
row_07491,3209.66
row_07495,1558.38
row_07496,173.72
row_07504,1599.85
row_07514,2984.76
row_07515,672.11
row_07516,2514.63
row_07518,1160.41
row_07524,2890.68
row_07525,1290.56
row_07528,2950.19
row_07529,168.21
row_07532,3023.31
row_07534,1562.16
row_07537,1349.62
row_07541,1365.97
row_07546,308.53
row_07551,4163.4
row_07557,1893.82
row_07571,3345.35
row_07577,2002.57
row_07580,3169.82
row_07587,967.16
row_07591,1846.24
row_07592,772.68
row_07609,2384.01
row_07633,3935.27
row_07634,2447.46
row_07649,2424.32
row_07677,3962.18
row_07683,2209.53
row_07687,1540.82
row_07697,3304.53
row_07698,1509.54
row_07700,1332.86
row_07709,2770.9
row_07713,802.85
row_07715,519.31
row_07726,743.08
row_07734,3577.37
row_07746,2542.14
row_07748,2955.63
row_07753,3167.86
row_07755,2521.36
row_07759,2168.82
row_07763,4009.56
row_07771,538.62
row_07784,1422.02
row_07790,2621.68
row_07796,2690.08
row_07800,1494.04
row_07804,3525.02
row_07806,635.73
row_07808,3848.46
row_07812,1309.73
row_07819,3808.52
row_07821,4261.28
row_07822,928.85
row_07823,4081.76
row_07825,2292.62
row_07839,3182.02
row_07843,1932.74
row_07847,232.97
row_07861,3053.39
row_07864,885.56
row_07869,1746.07
row_07870,2034.78
row_07871,2736.41
row_07879,2124.1
row_07886,3932.48
row_07888,2629.0
row_07891,223.57
row_07893,915.84
row_07896,1345.53
row_07899,2456.05
row_07902,3138.47
row_07911,582.23
row_07912,1982.35
row_07915,1893.45
row_07923,2900.55
row_07935,2977.38
row_07939,2954.76
row_07943,3118.83
row_07950,5888.89
row_07952,1992.41
row_07959,1405.37
row_07960,3145.94
row_07966,345.73
row_07967,2872.26
row_07969,2413.79
row_07971,836.43
row_07977,1348.92
row_07981,3186.96
row_07988,1920.68
row_07991,3940.47
row_07993,1684.3
row_07994,3878.71
row_07996,675.77
row_08010,3573.24
row_08016,1426.75
row_08022,3654.9
row_08023,2970.37
row_08027,587.04
row_08029,1731.69
row_08031,2625.78
row_08032,374.85
row_08042,3683.48
row_08048,4819.57
row_08050,3215.06
row_08055,761.49
row_08060,2946.9
row_08062,2898.9
row_08067,2770.74
row_08072,744.43
row_08073,2239.28
row_08075,3207.26
row_08079,515.15
row_08081,648.02
row_08083,710.69
row_08086,3217.46
row_08089,252.58
row_08097,1708.99
row_08101,3417.21
row_08111,2552.05
row_08118,2506.41
row_08121,2762.91
row_08140,1136.76
row_08142,3081.46
row_08155,1103.85
row_08156,4128.99
row_08158,3414.55
row_08180,3870.74
row_08185,3995.81
row_08191,1999.56
row_08201,273.73
row_08204,3162.6
row_08213,707.69
row_08220,3163.66
row_08225,3189.67
row_08231,4914.09
row_08242,4024.58
row_08245,782.38
row_08248,274.09
row_08258,3526.29
row_08260,2861.17
row_08264,2771.89
row_08268,3651.84
row_08282,4202.34
row_08298,3493.39
row_08300,5355.8
row_08301,1139.99
row_08306,851.11
row_08308,3263.79
row_08313,1714.01
row_08320,3215.05
row_08322,254.63
row_08329,1595.1
row_08330,1771.03
row_08332,868.38
row_08336,752.31
row_08337,2362.92
row_08340,839.95
row_08345,2015.09
row_08355,473.35
row_08357,2870.65
row_08360,2272.82
row_08367,1810.8
row_08373,1893.14
row_08375,1675.71
row_08382,5992.34
row_08385,2313.79
row_08386,1425.78
row_08392,2630.98
row_08408,3654.18
row_08413,1920.87
row_08418,5648.67
row_08423,4278.76
row_08450,5871.66
row_08456,1831.94
row_08458,1203.23
row_08462,2781.78
row_08464,1124.97
row_08465,488.29
row_08470,3291.7
row_08472,2991.28
row_08477,1318.2
row_08479,1451.02
row_08481,2892.81
row_08483,2738.03
row_08489,243.68
row_08491,2794.77
row_08504,4511.21
row_08515,1757.68
